step,math500_pass1_pct,mean_response_tokens,reward_mean,kl,entropy,reflection_pct
0,54.2,610,0.416,0.0000,0.609,3.0
20,53.7,514,0.416,0.0006,0.603,3.4
40,54.6,508,0.420,0.0011,0.591,3.4
60,54.5,500,0.417,0.0006,0.602,3.5
80,55.4,481,0.415,0.0008,0.592,3.3
100,55.0,597,0.409,0.0014,0.567,2.9
120,55.3,672,0.415,0.0012,0.576,3.2
140,55.6,696,0.431,0.0021,0.569,3.0
160,56.2,760,0.452,0.0023,0.551,4.6
180,56.4,736,0.461,0.0020,0.558,4.7
200,56.3,767,0.453,0.0025,0.548,5.2
220,57.1,811,0.464,0.0024,0.535,5.4
240,58.9,831,0.492,0.0031,0.543,6.8
260,60.2,877,0.509,0.0034,0.538,7.2
280,60.3,882,0.529,0.0034,0.517,8.2
300,63.0,946,0.527,0.0039,0.519,10.6
320,64.0,988,0.561,0.0036,0.512,12.8
340,65.8,979,0.570,0.0044,0.517,14.8
360,67.2,998,0.608,0.0048,0.511,16.9
380,69.2,1043,0.629,0.0045,0.501,20.7
400,70.4,1082,0.618,0.0048,0.490,22.6
420,72.3,1139,0.636,0.0054,0.500,25.7
440,72.1,1130,0.649,0.0058,0.473,28.8
460,73.3,1183,0.660,0.0063,0.474,30.0
480,73.9,1212,0.668,0.0066,0.474,32.1
500,75.4,1226,0.694,0.0063,0.477,33.9
520,75.8,1253,0.677,0.0067,0.464,34.1
540,75.6,1331,0.688,0.0071,0.457,35.4
560,76.5,1335,0.714,0.0076,0.457,36.1
580,76.3,1380,0.693,0.0075,0.459,36.7
600,76.8,1411,0.697,0.0081,0.456,36.9
620,76.9,1489,0.722,0.0086,0.429,37.0
640,77.7,1490,0.721,0.0086,0.427,38.2
660,77.6,1524,0.718,0.0094,0.428,37.6
680,77.9,1533,0.707,0.0095,0.438,37.3
700,78.0,1588,0.717,0.0099,0.423,37.9
720,78.0,1623,0.703,0.0101,0.410,38.4
740,78.1,1680,0.698,0.0107,0.407,38.2
760,76.7,1700,0.726,0.0109,0.416,37.7
780,77.6,1746,0.700,0.0111,0.401,37.2
800,77.7,1788,0.721,0.0117,0.400,38.3
