step,beta,loss,rewards_accuracy,rewards_margin,rewards_chosen,rewards_rejected
0,0.1,0.693,0.500,0.0000,0.0000,0.0000
25,0.1,0.682,0.537,0.2820,-0.1745,-0.4565
50,0.1,0.666,0.564,0.4998,-0.3574,-0.8572
75,0.1,0.665,0.589,0.6576,-0.4824,-1.1400
100,0.1,0.649,0.608,0.6759,-0.6973,-1.3732
125,0.1,0.646,0.625,0.8744,-0.7928,-1.6672
150,0.1,0.641,0.625,0.9750,-0.8833,-1.8583
175,0.1,0.636,0.645,1.0733,-1.0138,-2.0871
200,0.1,0.629,0.650,1.1883,-1.0881,-2.2764
225,0.1,0.621,0.657,1.2001,-1.2199,-2.4200
250,0.1,0.621,0.675,1.3009,-1.3072,-2.6081
275,0.1,0.609,0.674,1.4376,-1.3714,-2.8090
300,0.1,0.606,0.687,1.4824,-1.4560,-2.9384
325,0.1,0.612,0.685,1.5740,-1.5165,-3.0905
350,0.1,0.608,0.690,1.4776,-1.5664,-3.0440
375,0.1,0.599,0.692,1.6426,-1.5963,-3.2389
400,0.1,0.601,0.701,1.6677,-1.6475,-3.3152
425,0.1,0.597,0.697,1.6692,-1.6654,-3.3346
450,0.1,0.600,0.705,1.6756,-1.7307,-3.4063
475,0.1,0.592,0.703,1.7752,-1.7657,-3.5409
500,0.1,0.592,0.696,1.7940,-1.7676,-3.5616
525,0.1,0.593,0.709,1.7369,-1.7864,-3.5233
550,0.1,0.588,0.705,1.8536,-1.8332,-3.6868
575,0.1,0.591,0.707,1.7994,-1.8372,-3.6366
600,0.1,0.584,0.713,1.8101,-1.8928,-3.7029
625,0.1,0.588,0.703,1.7799,-1.9244,-3.7043
650,0.1,0.588,0.706,1.8626,-1.8809,-3.7435
675,0.1,0.588,0.709,1.8329,-1.8873,-3.7202
700,0.1,0.588,0.710,1.8677,-1.9193,-3.7870
725,0.1,0.590,0.715,1.7879,-1.9829,-3.7708
750,0.1,0.580,0.712,1.8259,-1.9348,-3.7607
775,0.1,0.590,0.715,1.8172,-1.9570,-3.7742
800,0.1,0.580,0.716,1.8204,-1.9869,-3.8073
825,0.1,0.584,0.705,1.9132,-2.0051,-3.9183
850,0.1,0.591,0.711,1.8221,-1.9986,-3.8207
875,0.1,0.584,0.712,1.8810,-2.0146,-3.8956
900,0.1,0.587,0.705,1.9390,-1.9871,-3.9261
0,0.01,0.693,0.500,0.0000,0.0000,0.0000
25,0.01,0.674,0.576,0.0811,-0.0874,-0.1685
50,0.01,0.659,0.624,0.1658,-0.1388,-0.3046
75,0.01,0.635,0.663,0.2265,-0.2175,-0.4440
100,0.01,0.623,0.688,0.2337,-0.2837,-0.5174
125,0.01,0.609,0.704,0.3062,-0.3123,-0.6185
150,0.01,0.608,0.710,0.3185,-0.3906,-0.7091
175,0.01,0.591,0.723,0.3992,-0.4294,-0.8286
200,0.01,0.591,0.731,0.4479,-0.4505,-0.8984
225,0.01,0.586,0.737,0.4330,-0.5088,-0.9418
250,0.01,0.576,0.747,0.4331,-0.5444,-0.9775
275,0.01,0.569,0.749,0.4781,-0.5567,-1.0348
300,0.01,0.572,0.751,0.5023,-0.5791,-1.0814
325,0.01,0.565,0.749,0.5297,-0.5980,-1.1277
350,0.01,0.569,0.753,0.5463,-0.6303,-1.1766
375,0.01,0.555,0.741,0.5446,-0.6520,-1.1966
400,0.01,0.557,0.744,0.5842,-0.6731,-1.2573
425,0.01,0.553,0.742,0.5550,-0.7022,-1.2572
450,0.01,0.554,0.749,0.5929,-0.7154,-1.3083
475,0.01,0.557,0.747,0.5903,-0.7150,-1.3053
500,0.01,0.549,0.755,0.6224,-0.7306,-1.3530
525,0.01,0.553,0.757,0.6339,-0.7482,-1.3821
550,0.01,0.555,0.752,0.6099,-0.7541,-1.3640
575,0.01,0.554,0.748,0.6702,-0.7538,-1.4240
600,0.01,0.552,0.756,0.6360,-0.7855,-1.4215
625,0.01,0.555,0.746,0.6176,-0.7941,-1.4117
650,0.01,0.548,0.744,0.6498,-0.7974,-1.4472
675,0.01,0.549,0.742,0.6288,-0.7892,-1.4180
700,0.01,0.547,0.742,0.6616,-0.7934,-1.4550
725,0.01,0.549,0.752,0.6736,-0.8017,-1.4753
750,0.01,0.546,0.753,0.6360,-0.8002,-1.4362
775,0.01,0.548,0.752,0.6264,-0.8184,-1.4448
800,0.01,0.547,0.747,0.6739,-0.8255,-1.4994
825,0.01,0.552,0.747,0.6505,-0.8214,-1.4719
850,0.01,0.551,0.754,0.6162,-0.8434,-1.4596
875,0.01,0.543,0.750,0.6467,-0.8401,-1.4868
900,0.01,0.548,0.744,0.6281,-0.8437,-1.4718
