tokens_b,step,lr,baseline_loss,baseline_grad_norm,qknorm_zloss_loss,qknorm_zloss_grad_norm
10,4768,3.000e-4,2.759,0.25,2.756,0.26
20,9537,2.998e-4,2.512,0.25,2.493,0.26
30,14305,2.996e-4,2.386,0.27,2.380,0.27
40,19073,2.991e-4,2.316,0.29,2.297,0.27
50,23842,2.986e-4,2.268,0.26,2.248,0.24
60,28610,2.979e-4,2.215,0.26,2.198,0.25
70,33379,2.971e-4,2.182,0.26,2.171,0.25
80,38147,2.962e-4,2.164,0.28,2.151,0.25
90,42915,2.951e-4,2.134,0.30,2.115,0.26
100,47684,2.939e-4,2.126,0.27,2.108,0.24
110,52452,2.925e-4,2.116,0.26,2.085,0.26
120,57220,2.911e-4,2.097,0.29,2.073,0.26
130,61989,2.895e-4,2.087,0.27,2.063,0.27
140,66757,2.878e-4,2.059,0.28,2.048,0.24
150,71526,2.860e-4,2.065,0.30,2.035,0.24
160,76294,2.840e-4,2.053,0.31,2.027,0.26
170,81062,2.819e-4,2.030,0.68,2.019,0.25
177,84400,2.804e-4,2.039,0.98,2.002,0.26
179,85354,2.800e-4,2.039,4.65,2.010,0.26
180,85831,2.798e-4,2.648,3.70,1.997,0.25
182,86784,2.793e-4,2.447,2.36,1.998,0.25
186,88692,2.784e-4,2.215,1.05,1.995,0.26
190,90599,2.775e-4,2.108,0.28,1.999,0.27
200,95367,2.751e-4,2.022,0.31,1.996,0.26
210,100136,2.725e-4,2.001,0.31,1.980,0.26
220,104904,2.699e-4,1.993,0.32,1.982,0.27
230,109673,2.672e-4,2.001,0.31,1.963,0.26
240,114441,2.643e-4,1.990,0.33,1.970,0.27
250,119209,2.614e-4,1.996,0.30,1.951,0.25
260,123978,2.584e-4,1.981,0.34,1.958,0.25
270,128746,2.553e-4,1.974,0.30,1.953,0.27
280,133514,2.520e-4,1.965,0.32,1.945,0.25
290,138283,2.487e-4,1.972,0.41,1.935,0.23
300,143051,2.454e-4,1.973,0.61,1.931,0.23
307,146389,2.429e-4,1.963,0.76,1.926,0.26
309,147343,2.422e-4,1.953,3.22,1.930,0.23
310,147820,2.419e-4,2.370,2.55,1.927,0.24
312,148773,2.412e-4,2.234,1.69,1.926,0.23
316,150681,2.398e-4,2.074,0.84,1.929,0.25
320,152588,2.384e-4,2.014,0.34,1.925,0.23
330,157356,2.347e-4,1.962,0.32,1.925,0.23
340,162125,2.311e-4,1.961,0.35,1.914,0.25
350,166893,2.273e-4,1.952,0.32,1.920,0.24
360,171661,2.235e-4,1.939,0.34,1.908,0.25
370,176430,2.196e-4,1.952,0.32,1.914,0.23
380,181198,2.157e-4,1.930,0.34,1.905,0.26
390,185966,2.118e-4,1.929,0.37,1.898,0.23
400,190735,2.077e-4,1.932,0.37,1.909,0.24
410,195503,2.037e-4,1.931,0.34,1.906,0.24
420,200272,1.996e-4,1.936,0.36,1.903,0.25
430,205040,1.954e-4,1.932,0.35,1.895,0.25
440,209808,1.913e-4,1.927,0.72,1.895,0.25
450,214577,1.871e-4,1.923,1.21,1.884,0.24
452,215530,1.862e-4,1.928,1.33,1.890,0.25
454,216484,1.854e-4,1.922,6.51,1.892,0.25
455,216961,1.850e-4,2.798,5.14,1.889,0.23
457,217915,1.841e-4,2.502,3.26,1.885,0.25
460,219345,1.829e-4,2.242,1.72,1.882,0.24
461,219822,1.825e-4,2.187,1.45,1.889,0.24
470,224113,1.786e-4,1.953,0.38,1.883,0.23
480,228882,1.744e-4,1.916,0.37,1.888,0.26
490,233650,1.702e-4,1.912,0.36,1.880,0.23
500,238419,1.659e-4,1.915,0.38,1.877,0.23
510,243187,1.616e-4,1.909,0.37,1.881,0.24
520,247955,1.574e-4,1.914,0.39,1.870,0.26
530,252724,1.531e-4,1.915,0.36,1.871,0.24
540,257492,1.489e-4,1.899,0.38,1.867,0.24
550,262260,1.447e-4,1.900,0.56,1.869,0.23
557,265598,1.417e-4,1.896,0.69,1.869,0.25
559,266552,1.409e-4,1.893,2.41,1.864,0.26
560,267029,1.405e-4,2.194,1.96,1.864,0.23
562,267982,1.396e-4,2.099,1.35,1.863,0.24
566,269890,1.380e-4,1.984,0.74,1.860,0.24
570,271797,1.363e-4,1.942,0.37,1.869,0.24
580,276566,1.322e-4,1.901,0.39,1.857,0.24
590,281334,1.280e-4,1.894,0.39,1.860,0.22
600,286102,1.240e-4,1.896,0.38,1.856,0.25
610,290871,1.199e-4,1.894,0.39,1.852,0.22
620,295639,1.159e-4,1.891,0.41,1.854,0.22
630,300407,1.120e-4,1.894,0.42,1.849,0.22
640,305176,1.081e-4,1.887,0.38,1.854,0.23
650,309944,1.043e-4,1.881,0.39,1.844,0.24
660,314713,1.005e-4,1.898,0.41,1.852,0.22
670,319481,9.679e-5,1.887,0.55,1.855,0.24
680,324249,9.315e-5,1.886,0.84,1.843,0.22
687,327587,9.064e-5,1.894,0.97,1.843,0.25
689,328541,8.993e-5,1.891,4.13,1.847,0.23
690,329018,8.958e-5,2.407,3.29,1.847,0.22
692,329971,8.887e-5,2.249,2.15,1.838,0.25
696,331879,8.747e-5,2.043,1.07,1.851,0.21
700,333786,8.608e-5,1.950,0.44,1.842,0.22
710,338554,8.267e-5,1.888,0.40,1.845,0.25
720,343323,7.933e-5,1.881,0.44,1.843,0.23
730,348091,7.609e-5,1.878,0.42,1.843,0.23
740,352859,7.293e-5,1.875,0.41,1.840,0.24
750,357628,6.986e-5,1.887,0.44,1.842,0.22
760,362396,6.688e-5,1.885,0.43,1.830,0.22
770,367165,6.401e-5,1.881,0.41,1.832,0.23
780,371933,6.123e-5,1.869,0.44,1.839,0.24
790,376701,5.856e-5,1.874,0.46,1.834,0.22
800,381470,5.599e-5,1.866,0.45,1.824,0.25
810,386238,5.354e-5,1.864,0.45,1.834,0.24
820,391006,5.119e-5,1.879,0.67,1.836,0.24
827,394344,4.961e-5,1.864,0.79,1.828,0.23
829,395298,4.917e-5,1.870,2.81,1.831,0.24
830,395775,4.895e-5,2.217,2.27,1.826,0.22
832,396729,4.852e-5,2.104,1.56,1.828,0.24
836,398636,4.767e-5,1.981,0.84,1.836,0.21
840,400543,4.684e-5,1.909,0.46,1.829,0.24
850,405312,4.484e-5,1.885,0.45,1.824,0.23
860,410080,4.296e-5,1.866,0.45,1.831,0.21
870,414848,4.120e-5,1.863,0.45,1.827,0.21
880,419617,3.956e-5,1.873,0.47,1.828,0.21
890,424385,3.805e-5,1.863,0.45,1.818,0.21
900,429153,3.666e-5,1.865,0.46,1.828,0.22
910,433922,3.541e-5,1.872,0.45,1.815,0.23
920,438690,3.428e-5,1.867,0.46,1.813,0.22
930,443459,3.328e-5,1.867,0.49,1.822,0.23
940,448227,3.241e-5,1.862,0.46,1.814,0.23
950,452995,3.168e-5,1.858,0.48,1.811,0.23
960,457764,3.107e-5,1.857,0.46,1.809,0.24
970,462532,3.060e-5,1.864,0.46,1.823,0.22
980,467300,3.027e-5,1.856,0.50,1.808,0.22
990,472069,3.007e-5,1.866,0.47,1.821,0.22
1000,476837,3.000e-5,1.867,0.46,1.819,0.24
