day,interruptions,other_lost_min,baseline_ckpt_blocking_min,baseline_interruption_lost_min,baseline_effective_pct,improved_ckpt_blocking_min,improved_interruption_lost_min,improved_effective_pct
1,0,47,108,0,89.24,32.0,0,94.51
2,1,37,108,85,84.03,32.0,33,92.92
3,0,52,108,0,88.89,32.0,0,94.17
4,1,36,108,96,83.33,32.0,27,93.40
5,1,41,108,87,83.61,32.0,40,92.15
6,0,35,108,0,90.07,32.0,0,95.35
7,1,33,108,133,80.97,32.0,28,93.54
8,0,29,108,0,90.49,32.0,0,95.76
9,1,43,108,74,84.38,32.0,40,92.01
10,1,35,108,82,84.38,32.0,39,92.64
11,1,50,108,116,80.97,32.0,23,92.71
12,0,41,108,0,89.65,32.0,0,94.93
13,1,47,108,94,82.71,32.0,20,93.13
14,1,40,108,153,79.10,32.0,15,93.96
15,1,48,108,57,85.21,32.0,26,92.64
16,0,47,108,0,89.24,32.0,0,94.51
17,1,47,108,105,81.94,32.0,28,92.57
18,2,46,108,264,70.97,32.0,69,89.79
19,0,37,108,0,89.93,32.0,0,95.21
20,1,28,108,145,80.49,32.0,19,94.51
21,0,41,108,0,89.65,32.0,0,94.93
22,1,31,108,101,83.33,32.0,29,93.61
23,1,52,108,89,82.71,32.0,24,92.50
24,0,42,108,0,89.58,32.0,0,94.86
25,1,26,108,61,86.46,32.0,21,94.51
26,1,33,108,152,79.65,32.0,21,94.03
27,1,29,108,159,79.44,32.0,26,93.96
28,1,49,108,159,78.06,32.0,29,92.36
29,0,43,108,0,89.51,32.0,0,94.79
30,1,39,108,192,76.46,32.0,40,92.29
