interruption_id,day,time,root_cause,baseline_detect_min,baseline_recover_min,baseline_lost_progress_min,improved_detect_min,improved_recover_min,improved_lost_progress_min
INT-01,2,08:15,nccl_hang,29,41,15,6,12,15
INT-02,4,16:43,gpu_hbm,9,44,43,2,12,13
INT-03,5,12:28,gpu_hbm,12,47,28,2,10,28
INT-04,7,13:15,network,12,46,75,2,11,15
INT-05,9,10:27,gpu_hbm,11,36,27,2,11,27
INT-06,10,02:26,gpu_failure,13,43,26,2,11,26
INT-07,11,21:11,gpu_failure,8,37,71,3,9,11
INT-08,13,06:40,host,12,42,40,1,9,10
INT-09,14,07:32,network,13,48,92,3,10,2
INT-10,15,02:12,host,9,36,12,2,12,12
INT-11,17,14:46,gpu_failure,11,48,46,2,10,16
INT-12,18,17:15,storage,9,37,75,1,12,15
INT-13,18,13:29,network,10,44,89,2,10,29
INT-14,20,11:35,gpu_failure,11,39,95,3,11,5
INT-15,22,00:47,gpu_failure,14,40,47,2,10,17
INT-16,23,20:39,gpu_failure,8,42,39,3,12,9
INT-17,25,20:06,gpu_failure,9,46,6,3,12,6
INT-18,26,01:38,gpu_failure,10,44,98,1,12,8
INT-19,27,19:41,gpu_hbm,8,50,101,3,12,11
INT-20,28,01:46,gpu_failure,11,42,106,3,10,16
INT-21,30,07:55,nccl_hang,30,47,115,5,10,25
